address,latitude,longitude
71st Street,41.764641,-87.686772
71st Street,41.764877,-87.666635
71st Street,41.765008,-87.657067
71st Street,41.765153,-87.647751
71st Street,41.765204,-87.644371
71st St,41.765644,-87.618476
71st St,41.76626,-87.574226
Commercial Ave,41.739836,-87.551476
Commercial Ave,41.732725,-87.55132
Commercial Ave,41.724444,-87.551124
Commercial Ave,41.718183,-87.551016
Cottage Grove Ave,41.820171,-87.606798
Cottage Grove Ave,41.807987,-87.606532
Cottage Grove Ave,41.797881,-87.606302
Cottage Grove Ave,41.78269,-87.605979
Cottage Grove Ave,41.775779,-87.605826
Cottage Grove Ave,41.770685,-87.605711
Cottage Grove Ave,41.760801,-87.605452
Cottage Grove Ave,41.734791,-87.604779
Cottage Grove Ave,41.710922,-87.60573
Damen Ave,41.859378,-87.676043
Damen Ave,41.854926,-87.67592
Damen Ave,41.850395,-87.67579
Damen Ave,41.844875,-87.675652
Damen Ave,41.830389,-87.675279
Damen Ave,41.827625,-87.675208
Damen Ave,41.803741,-87.674569
Damen Ave,41.785746,-87.674075
Damen Ave,41.770409,-87.673671
Damen Ave,41.757363,-87.673336
Dr Martin Luther King Jr Dr,41.838419,-87.617465
Dr Martin Luther King Jr Dr,41.825982,-87.617039
Dr Martin Luther King Jr Dr,41.814852,-87.616741
Dr Martin Luther King Jr Dr,41.795094,-87.615989
Dr Martin Luther King Jr Dr,41.754187,-87.615027
Dr Martin Luther King Jr Dr,41.726239,-87.614254
Dr Martin Luther King Jr Dr,41.706494,-87.613745
Exchange Ave,41.755798,-87.55646
Exchange Ave,41.7504,-87.5528
Indiana Ave,41.863938,-87.622471
Indiana Ave,41.85566,-87.62228
Indiana Ave,41.832167,-87.621788
Indiana Ave,41.828022,-87.621694
Indiana Ave,41.787779,-87.620665
Indianapolis Ave,41.707611,-87.529702
Jeffery Blvd,41.775215,-87.575158
Jeffery Blvd,41.77038,-87.576414
Jeffery Blvd,41.761454,-87.576196
Jeffery Blvd,41.747152,-87.575902
Jeffery Blvd,41.737902,-87.575714
Jeffery Blvd,41.739269,-87.575753
Jeffery Ave,41.719732,-87.57529
Dr Martin Luther King Jr Dr,41.760689,-87.615174
Dr Martin Luther King Jr Dr,41.849344,-87.618459
Lake Park Ave,41.797367,-87.587322
Michigan Ave,41.865924,-87.624115
Michigan Ave,41.850595,-87.623745
Michigan Ave,41.839562,-87.623493
Michigan Ave,41.834369,-87.623323
Michigan Ave,41.826807,-87.623149
Michigan Ave,41.811191,-87.622886
Michigan Ave,41.796652,-87.622518
Michigan Ave,41.718658,-87.620521
South Shore Dr,41.770241,-87.566558
South Shore Dr,41.756313,-87.552698
South Shore Dr,41.766314,-87.565472
State St,41.863436,-87.62733
State St,41.833661,-87.626468
State St,41.810903,-87.626128
State St,41.792077,-87.625634
State St,41.777072,-87.62526
State St,41.757046,-87.624736
State St,41.745812,-87.624391
State St,41.728281,-87.623913
State St,41.713246,-87.623646
Wentworth Ave,41.853156,-87.631785
Wentworth Ave,41.773651,-87.629987
Wentworth Ave,41.720659,-87.628638
Archer Ave,41.831501,-87.67584
Archer Ave,41.853553,-87.633392
Archer Ave,41.807818,-87.714468
Archer Ave,41.849975,-87.64032
Archer Ave,41.835106,-87.669954
Ashland Ave,41.876934,-87.666676
Ashland Ave,41.872567,-87.66656
Ashland Ave,41.861874,-87.666256
Ashland Ave,41.781444,-87.664267
Ashland Ave,41.775834,-87.66412
Ashland Ave,41.763965,-87.663752
Ashland Ave,41.757724,-87.663608
Ashland Ave,41.745469,-87.663314
Ashland Ave,41.733288,-87.662994
Clark St,41.873009,-87.630632
Clark St,41.869893,-87.630511
Clark St,41.861478,-87.630255
Clark St,41.855964,-87.630176
Clark St,41.853467,-87.630093
Halsted St,41.87346,-87.647091
Halsted St,41.865313,-87.646862
Halsted St,41.829513,-87.646078
Halsted St,41.796466,-87.645213
Halsted St,41.78453,-87.644905
Halsted St,41.771775,-87.644579
Halsted St,41.760683,-87.644298
Halsted St,41.735001,-87.643587
Halsted St,41.719968,-87.643173
Vincennes Ave,41.75002,-87.634415
Vincennes Ave,41.731171,-87.647028
Vincennes Ave,41.720798,-87.650838
Vincennes Ave,41.710702,-87.654574
Vincennes Ave,41.698034,-87.65927
Western Ave,41.872427,-87.686197
Western Ave,41.847006,-87.685499
Western Ave,41.834882,-87.684561
Western Ave,41.820278,-87.684745
Western Ave,41.77249,-87.683456
Western Ave,41.761813,-87.683164
Western Ave,41.756743,-87.683025
Western Ave,41.730457,-87.682356
Western Ave,41.712676,-87.68181
Western Ave,41.699963,-87.681415
Western Blvd,41.79459,-87.684058
Stony Island Ave,41.71675,-87.585043
Stony Island Ave,41.755119,-87.586125
Stony Island Ave,41.740553,-87.58573
Stony Island Ave,41.724124,-87.585159
Stony Island Ave,41.745515,-87.585819
Stony Island Ave,41.769698,-87.586238
Stony Island Ave,41.792127,-87.586689
92nd St,41.72824,-87.552415
92nd St,41.728253,-87.550704
99th Street,41.714033,-87.657301
99th Street,41.713939,-87.664213
100th St,41.713352,-87.558074
100th St,41.713772,-87.54362
Avenue L,41.720702,-87.536499
Avenue L,41.711118,-87.536485
Beverly Ave,41.719205,-87.662247
Longwood Dr,41.713044,-87.668914
Harbor Ave,41.729262,-87.541841
Mackinaw Ave,41.732854,-87.542962
Yates Blvd,41.764222,-87.566483
63rd Street,41.779224,-87.680473
63rd Street,41.779519,-87.661134
63rd St,41.779852,-87.638388
63rd St,41.780078,-87.621062
67th St,41.773084,-87.608939
67th St,41.773298,-87.589932
67th St,41.773376,-87.582603
75th Street,41.758155,-87.629625
75th St,41.758265,-87.622945
75th St,41.758455,-87.612457
75th St,41.758814,-87.581651
76th Street,41.755721,-87.671249
76th Street,41.756101,-87.642566
76th St,41.756542,-87.617335
76th St,41.756617,-87.613108
76th St,41.756982,-87.582699
79th Street,41.749936,-87.695059
79th Street,41.750449,-87.657022
79th Street,41.750534,-87.651099
79th Street,41.750722,-87.638461
79th St,41.75097,-87.623726
79th St,41.750997,-87.621988
79th St,41.75131,-87.603145
79th St,41.751849,-87.557322
83rd Street,41.74303,-87.666333
83rdStreet,41.743249,-87.651157
83rd St,41.743649,-87.624723
83rd Street,41.743855,-87.612049
83rd Street,41.744106,-87.593706
83rd Street,41.744086,-87.595315
83rd Street,41.744615,-87.554455
83rd St,41.744682,-87.549764
87th Street,41.735742,-87.666475
87th Street,41.735844,-87.659417
87th Street,41.73606,-87.644455
87th Street,41.73604,-87.638359
87th Street,41.736013,-87.63131
87th Street,41.736399,-87.621325
87th Street,41.736694,-87.601489
87th Street,41.737079,-87.574126
87th Street,41.737414,-87.548768
95th Street,41.721037,-87.675323
95th Street,41.721119,-87.669564
95th Street,41.721324,-87.653942
95th Street,41.721409,-87.647429
95th Street,41.721622,-87.631298
95th Street,41.721659,-87.628777
95th Street,41.721813,-87.618662
95th Street,41.722153,-87.597339
95th Street,41.722499,-87.572943
95th Street,41.722916,-87.538794
103rd Street,41.706991,-87.63698
103rd Street,41.707125,-87.626548
103rd St,41.70726,-87.617296
103rd St,41.707533,-87.600985
Chicago Ave,41.764998,-87.60436
Garfield Blvd,41.793839,-87.681286
Garfield Blvd,41.793942,-87.671875
Garfield Blvd,41.794746,-87.619558
Garfield Blvd,41.794582,-87.629567
Loomis St,41.863965,-87.661484
Loomis St,41.855898,-87.661264
Loomis St,41.80202,-87.659934
Loomis St,41.790122,-87.65963
Loomis St,41.773201,-87.659191
Loomis St,41.77126,-87.659138
Loomis St,41.752036,-87.658628
Loomis St,41.744631,-87.658435
Racine Ave,41.86852,-87.656729
Racine Ave,41.864029,-87.656597
Racine Ave,41.829325,-87.655686
Racine Ave,41.813903,-87.655287
Racine Ave,41.798563,-87.654979
Racine Ave,41.780185,-87.654517
Racine Ave,41.772,-87.654299
Racine Ave,41.76448,-87.6541
Racine Ave,41.753377,-87.653813
Racine Ave,41.744158,-87.653566
18th Street,41.857573,-87.683337
18th Street,41.85774,-87.632821
18th St,41.857869,-87.624476
18th St,41.85789,-87.622993
31st St,41.837991,-87.650405
31st St,41.837927,-87.655
31st St,41.838196,-87.634756
31st St,41.838289,-87.627562
31st St,41.838373,-87.621143
35th St,41.830303,-87.682868
35th St,41.830382,-87.67602
35th St,41.830598,-87.657426
35th St,41.830843,-87.639107
35th St,41.831081,-87.619334
35th St,41.831199,-87.613631
43rd St,41.815858,-87.666235
43rd St,41.815847,-87.661488
43rd St,41.816301,-87.638721
43rd St,41.816676,-87.614468
47th St,41.808578,-87.667723
47th St,41.808649,-87.661622
47th St,41.809221,-87.626946
47th St,41.809396,-87.615874
47th St,41.809607,-87.599776
51st Street,41.801293,-87.667538
51st Street,41.801533,-87.648948
51st St,41.801616,-87.6436
51st St,41.801921,-87.62744
51st St,41.802072,-87.618178
51st St,41.80222,-87.608065
55th Street,41.794244,-87.648908
55th St,41.794804,-87.61571
55th St,41.795109,-87.59326
59th Street,41.786465,-87.690066
59th Street,41.78671,-87.66752
59th St,41.78691,-87.652961
59th St,41.787062,-87.640752
59th Street,41.787305,-87.628708
59th St,41.78747,-87.619044
Blue Island Ave,41.846463,-87.681163
Blue Island Ave,41.849394,-87.673525
Blue Island Ave,41.859146,-87.660062
Cermak Rd,41.852078,-87.682174
Cermak Rd,41.852265,-87.669817
Cermak Rd,41.852464,-87.658227
Cermak Rd,41.852859,-87.633451
Cermak Rd,41.852812,-87.637573
Cermak Rd,41.852874,-87.627827
Cermak Rd,41.852861,-87.624414
Cermak Rd,41.852881,-87.622835
Hyde Park Blvd,41.802322,-87.600681
Hyde Park Blvd,41.797123,-87.583995
Marquette Rd,41.771932,-87.686307
Marquette Rd,41.772008,-87.679253
Marquette Rd,41.772514,-87.641987
Marquette Rd,41.772885,-87.620079
Marquette Rd,41.774978,-87.6042
Morgan St,41.828474,-87.65091
Morgan St,41.769644,-87.649382
Morgan St,41.762368,-87.649192
Pershing Rd,41.823191,-87.662035
Pershing Rd,41.823602,-87.634859
Pershing Rd,41.823805,-87.619176
Pershing Rd,41.823948,-87.607812
Roosevelt Rd,41.86686,-87.668106
Roosevelt Rd,41.867145,-87.647525
Roosevelt Rd,41.867266,-87.638052
Roosevelt RD,41.867439,-87.625406
24th St,41.849302,-87.622658
26TH  ST,41.845391,-87.641581
26th St,41.84566,-87.622137
56th St,41.793359,-87.587904
57th St,41.791544,-87.586175
60th St,41.785874,-87.606038
74th St,41.759597,-87.653971
83rd Pl,41.743472,-87.550548
85th St,41.741127,-87.545616
Balbo Ave,41.873149,-87.624836
Balbo Dr,41.873213,-87.620591
Best Dr,41.786586,-87.611974
Columbus Dr,41.869368,-87.620509
Drexel Blvd,41.802286,-87.603784
Midway Plaisance,41.786166,-87.584966
Morgan Dr,41.793546,-87.612405
Rainey Dr,41.793645,-87.609034
Harrison St,41.873649,-87.709133
Harrison St,41.87389,-87.686234
Harrison St,41.874043,-87.676455
Harrison St,41.874122,-87.670619
Harrison St,41.874199,-87.665037
Harrison St,41.87436,-87.652225
Harrison ST,41.87438,-87.627297
Harrison St,41.874327,-87.646119
Jefferson St,41.866652,-87.64217
Jefferson St,41.873569,-87.642397
Midway Plaisance,41.787229,-87.594821
Oakwood Blvd,41.823134,-87.605367
Polk St,41.872155,-87.633321
Beverly Ave,41.712817,-87.659031
Bond Ave,41.743319,-87.547879
Burley Ave,41.74028,-87.54538
Calumet Ave,41.855226,-87.619095
Canal St,41.875514,-87.639626
Clinton St,41.874389,-87.640956
Colfax Ave,41.720957,-87.560671
Columbus Dr,41.867512,-87.620401
Cornell Dr,41.782388,-87.584573
Dearborn St,41.873925,-87.62919
Des Plaines St,41.873531,-87.643862
Longwood Dr,41.693059,-87.671533
Parnell Ave,41.759562,-87.638479
Payne Dr,41.794542,-87.607689
Pitney Ct,41.838528,-87.662425
Richards Dr,41.778678,-87.579568
St Lawrence Ave,41.766933,-87.610456
Summit Ave,41.737236,-87.644725
Van Vlissingen Rd,41.714883,-87.573706
Wabash Ave,41.873661,-87.62598
Wabash Ave,41.86832,-87.625851
Wells St,41.869272,-87.633488
Woodlawn Ave,41.801676,-87.59669
Ogden Ave,41.876773,-87.671635
Ogden Ave,41.869995,-87.679727
Ogden Ave,41.862371,-87.692771
Pope John Paul II,41.815579,-87.692019
Root St,41.818962,-87.645802
Woodlawn Ave,41.800125,-87.596657
Woodlawn Ave,41.805123,-87.596753
Woodlawn Ave,41.810689,-87.596855
Lake Shore Dr,41.860562,-87.617934
Lake Shore Dr,41.799972,-87.581471
Torrence Ave,41.706839,-87.55965
Ewing Ave,41.708489,-87.535287
Wentworth Ave,41.70242,-87.628153
Kedzie Ave,41.702738,-87.701224
Michigan Ave,41.687943,-87.620988
Cottage Grove Ave,41.690928,-87.610268
State St,41.680056,-87.622723
Halsted St,41.682968,-87.642082
Vincennes Ave,41.677875,-87.671582
Michigan Ave,41.66836,-87.620176
State St,41.675955,-87.622596
Wentworth Ave,41.674552,-87.627366
Baltimore Ave,41.658336,-87.547134
Torrence Ave,41.659854,-87.55928
Torrence Ave,41.655545,-87.559298
Damen Ave,41.773922,-87.673756
Ogden Ave,41.880815,-87.666819
Ashland Ave,41.879119,-87.666752
Des Plaines St,41.879863,-87.644062
Ashland Ave,41.897607,-87.667335
Pershing Rd,41.822902,-87.688714
Grand Ave,41.915566,-87.750173
Cicero Ave,41.919517,-87.746187
Montrose Ave,41.961614,-87.667445
55th St,41.794069,-87.662159
Lake St,41.885403,-87.663033
Diversey Ave,41.932463,-87.664643
Cicero Ave,41.90128,-87.745946
Laramie Ave,41.900935,-87.755742
Central Ave,41.900144,-87.765583
Jackson Blvd,41.877113,-87.77081
Washington St,41.882191,-87.768235
Lake St,41.887904,-87.771064
Division St,41.902037,-87.772722
Grand Ave,41.919484,-87.769758
Diversey Ave,41.931174,-87.77358
Montrose Ave,41.960389,-87.774207
106th St,41.702743,-87.537314
Brainard Ave,41.65732,-87.557177
134th St,41.651861,-87.54501
Austin Ave,41.93269,-87.776018
Addison St,41.9477,-87.646232
Hollywood Ave,41.985494,-87.657453
Sheridan Ave,41.97914,-87.655026
26th St,41.844657,-87.697733
51st St,41.801077,-87.688258
47th St,41.808295,-87.693288
Cermak Rd,41.851933,-87.693114
Roosevelt Rd,41.866535,-87.693471
43rd St,41.81567,-87.686204
Talcott Ave,41.988619,-87.812789
16th St,41.858949,-87.717426
Irving Park Rd,41.95327,-87.759652
Fullerton Ave,41.924043,-87.761108
North Ave,41.910014,-87.713878
Washington St,41.881668,-87.718383
Madison St,41.880898,-87.712441
Wrightwood Ave,41.928267,-87.716068
Foster Ave,41.9753,-87.750239
Roosevelt Rd,41.865941,-87.741303
Chicago Ave,41.895151,-87.737793
North Ave,41.909705,-87.739646
Wilson Ave,41.965326,-87.662564
Foster Ave,41.976215,-87.666782
Bryn Mawr Ave,41.983538,-87.665686
Chicago Ave,41.896651,-87.630189
Ontario St,41.893244,-87.630017
Pratt Blvd,42.00544,-87.666635
Congress Pkwy,41.875606,-87.630878
111th St,41.692822,-87.605505
North Ave,41.910585,-87.669739
Foster Ave,41.976144,-87.671622
Chicago Ave,41.895971,-87.67335
Van Buren St,41.87691,-87.628624
Jackson Blvd,41.878174,-87.628405
Adams St,41.879452,-87.628325
Monroe St,41.880775,-87.626654
Madison St,41.882024,-87.628403
Lake St,41.885747,-87.628288
Washington St,41.883215,-87.628926
Randolph St,41.884485,-87.628798
California Ave,42.000202,-87.699716
112th St,41.691858,-87.539118
111th St,41.691285,-87.720316
107th St,41.699648,-87.641695
79th St,41.749569,-87.721913
Marquette St,41.771406,-87.720493
63rd St,41.778674,-87.721655
Archer Ave,41.795919,-87.761047
55th St,41.793061,-87.739172
47th St,41.808006,-87.712716
47th St,41.807648,-87.741014
35th St,41.830119,-87.693144
16th St,41.859094,-87.704686
Lake St,41.886549,-87.744388
Grand Ave,41.909224,-87.734147
Fullerton Ave,41.925567,-87.641535
Clybourn Ave,41.923528,-87.667066
Addison St,41.944804,-87.834785
Lawrence Ave,41.968273,-87.724989
Lawrence Ave,41.966293,-87.850072
Bryn Mawr Ave,41.982866,-87.724368
Peterson Ave,41.990343,-87.71242
Peterson Ave,41.990529,-87.687864
Devon Ave,41.997767,-87.687751
Devon Ave,41.997773,-87.805489
Jackson Blvd,41.877093,-87.725018
Jackson Blvd,41.877558,-87.685609
Jackson Blvd,41.877595,-87.668568
Jackson Blvd,41.877635,-87.665993
Jackson Dr,41.878356,-87.618837
Adams St,41.87878,-87.674129
Adams St,41.878596,-87.685749
Madison St,41.88074,-87.724539
Lake St,41.884876,-87.715267
Lake St,41.884246,-87.704407
Washington St,41.883218,-87.627549
Warren Blvd,41.882102,-87.685013
Madison St,41.881177,-87.6854
Lake St,41.885023,-87.675556
Franklin Blvd,41.890069,-87.706392
Grand Ave,41.890846,-87.675563
Chicago Ave,41.896397,-87.647745
Chicago Ave,41.896097,-87.665698
Division St,41.902686,-87.724565
Grand Ave,41.90103,-87.713491
Division St,41.902865,-87.703662
Division St,41.903211,-87.67591
Augusta Blvd,41.899743,-87.66515
Chicago Ave,41.89675,-87.623095
Chicago Ave,41.896787,-87.620252
Van Buren St,41.876846,-87.633902
Pulaski Rd,41.924943,-87.726783
Grand Ave,41.923102,-87.7871
Armitage Ave,41.916857,-87.752046
Central Ave,41.92398,-87.765989
Addison St,41.947325,-87.648813
Belmont Ave,41.940016,-87.646727
Division St,41.903698,-87.644273
127th St,41.663357,-87.628989
119th St,41.6779,-87.63412
31st St,41.836923,-87.721956
Higgins Ave,41.979107,-87.797633
Dearborn St,41.874957,-87.629219
Damen Ave,41.874597,-87.676475
Washington St,41.881363,-87.714203
31st St,41.837188,-87.706989
Western Ave,41.959095,-87.688615
La Salle St,41.878543,-87.632267
Des Plaines St,41.878908,-87.644032
Clinton St,41.878904,-87.641098
Canal St,41.878519,-87.639575
Wells St,41.87909,-87.633752
Clark St,41.879069,-87.630811
Dearborn St,41.878484,-87.629312
Kostner Ave,41.875108,-87.735281
Kedzie Ave,41.878056,-87.706035
Monroe St,41.880547,-87.642755
63rd St,41.779058,-87.697351
59th St,41.786284,-87.700958
Garfield Blvd,41.793556,-87.701352
Pershing Rd,41.822739,-87.696963
31st St,41.837394,-87.696
Warren Blvd,41.881848,-87.708484
Washington St,41.882781,-87.707473
Wrightwood Ave,41.928333,-87.710574
Fullerton Ave,41.924697,-87.709117
103rd St,41.706389,-87.684155
Washington St,41.883162,-87.644644
Lawrence Ave,41.968422,-87.711419
Harrison St,41.873224,-87.741379
31st St,41.836814,-87.730379
Ogden St,41.850584,-87.726087
Fullerton Ave,41.924462,-87.728691
Diversey Ave,41.931692,-87.734385
Addison St,41.946012,-87.754759
North Ave,41.909527,-87.753622
Grand Ave,41.891595,-87.633278
Central Ave,41.962998,-87.767323
Western Ave,41.964867,-87.688793
Touhy Ave,42.011999,-87.785556
California Ave,41.987697,-87.699307
Devon Ave,41.997256,-87.724713
111th St,41.69184,-87.676796
Cicero Ave,41.878378,-87.745201
Pulaski Rd,41.878768,-87.725604
Jefferson St,41.880549,-87.642619
Foster Ave,41.976427,-87.652889
107th St,41.69994,-87.618575
111th St,41.692731,-87.613734
Belmont Ave,41.939165,-87.721399
Bryn Mawr Ave,41.98293,-87.77077
Western Ave,41.678624,-87.680741
Pulaski Rd,41.692257,-87.720366
Kedzie Ave,41.68508,-87.700584
Jeffery Ave,41.722735,-87.575361
Cottage Grove Ave,41.724079,-87.604556
Exchange Ave,41.746122,-87.552788
Kedzie Ave,41.743683,-87.702226
Pulaski Rd,41.750615,-87.721947
Cottage Grove Ave,41.75174,-87.605221
Damen Ave,41.751171,-87.673157
Kedzie Ave,41.770238,-87.702937
Cicero Ave,41.779921,-87.74234
Pulaski Rd,41.779583,-87.722787
Kedzie Ave,41.780314,-87.703172
Ashland Ave,41.780774,-87.664249
Central Ave,41.793546,-87.762329
Cicero Ave,41.794355,-87.742622
Kedzie Ave,41.794916,-87.703597
California Ave,41.794209,-87.693813
Damen Ave,41.795427,-87.674346
Archer Ave,41.809086,-87.712401
Kedzie Ave,41.809606,-87.704033
California Ave,41.80897,-87.694224
Damen Ave,41.82387,-87.675108
Kostner Ave,41.837654,-87.734096
Kedzie Ave,41.839026,-87.704872
California Ave,41.838385,-87.695058
Hamlin Ave,41.846135,-87.719725
Marshall Blvd,41.852795,-87.699117
California Ave,41.852259,-87.695456
Damen Ave,41.852275,-87.675844
Kostner Ave,41.859611,-87.734761
Pulaski Rd,41.859508,-87.724975
Sacramento Ave,41.866927,-87.700802
Kimball Ave,41.914325,-87.71182
Central Ave,41.877492,-87.764763
Laramie Ave,41.878472,-87.754997
Austin Ave,41.896495,-87.775191
Ashland Ave,41.911509,-87.667716
Damen Ave,41.920367,-87.677714
Milwaukee Ave,41.918295,-87.689798
Pulaski Rd,41.911129,-87.72637
Laramie Ave,41.91094,-87.755711
Narragansett Ave,41.910958,-87.785061
Harlem Ave,41.923557,-87.80624
Kedzie Ave,41.92573,-87.707248
Sacramento Ave,41.925478,-87.702337
Ashland Ave,41.926152,-87.668181
Lake Shore Inner Dr,41.934544,-87.636704
Halsted St,41.933425,-87.649035
Sheffield Ave,41.933448,-87.653886
Southport Ave,41.934004,-87.663612
Ashland Ave,41.934063,-87.668456
Kimball Ave,41.93822,-87.712455
Kimball Ave,41.928608,-87.712206
Central Park Ave,41.933649,-87.717233
Pulaski Rd,41.932562,-87.727001
Kostner Ave,41.932608,-87.736835
Cicero Ave,41.9329,-87.746649
Laramie Ave,41.932527,-87.756461
Cumberland Ave,41.939209,-87.836148
Cumberland Ave,41.946244,-87.836483
Harlem Ave,41.939539,-87.8068
Forest Preserve Ave,41.94619,-87.822945
Oak Park Ave,41.946811,-87.796043
Central Ave,41.947672,-87.766819
Laramie Ave,41.946687,-87.75694
Cicero Ave,41.940497,-87.746913
Cicero Ave,41.947548,-87.747128
Milwaukee Ave,41.946769,-87.736449
Kedzie Ave,41.940356,-87.707649
Elston Ave,41.940326,-87.69968
California Ave,41.940634,-87.697862
Western Ave (over pass),41.940366,-87.688076
Damen Ave,41.940256,-87.678374
Sheffield Ave,41.940796,-87.654132
Halsted St,41.940877,-87.649294
Lake Shore Inner Dr,41.949054,-87.643703
Broadway,41.948385,-87.647898
Halsted St,41.948965,-87.649538
Clark St,41.94979,-87.658602
Ashland Ave,41.947751,-87.668879
Narragansett Ave,41.954774,-87.78662
Cicero Ave,41.955093,-87.747349
Pulaski Rd,41.955447,-87.727666
Elston Ave,41.954748,-87.720647
Damen Ave,41.963061,-87.679019
Ashland Ave,41.955361,-87.669076
Clarendon St,41.963669,-87.649966
Sheridan Rd,41.962457,-87.654755
Pulaski Rd,41.962267,-87.727863
Milwaukee Ave,41.96815,-87.760968
Nagle Ave,41.970016,-87.787986
Northwest Hwy,41.984243,-87.784632
Elston Ave,41.975635,-87.752372
Kedzie Ave,41.976775,-87.708705
Western Ave,41.976829,-87.689187
Broadway,41.977627,-87.659904
Broadway,41.986182,-87.660145
Western Ave,41.992273,-87.689704
Rogers Ave,42.013319,-87.680974
Clark St,42.017888,-87.67569
Lincoln Ave,41.992962,-87.711563
Kimball Ave,41.992042,-87.714036
Central Ave,41.998732,-87.763298
Harlem Ave,41.999165,-87.806776
Racine Ave,41.876982,-87.657007
Wabash Ave,41.879007,-87.626108
Michigan Ave,41.879529,-87.624351
Columbus Dr,41.878842,-87.620705
Hamlin Ave,41.882384,-87.720836
Pulaski Rd,41.886148,-87.725824
Central Park Ave,41.886115,-87.71603
Homan Ave,41.88602,-87.711158
Kedzie Ave,41.885154,-87.706241
Western Ave,41.885258,-87.686545
Damen Ave,41.885313,-87.676747
Halsted St,41.886044,-87.647485
Milwaukee Ave,41.892395,-87.64944
Wabash Ave,41.893693,-87.626772
Halsted St,41.897792,-87.647818
Homan Ave,41.903995,-87.711714
Western Ave,41.903947,-87.687051
Clybourn Ave,41.904483,-87.640587
Clark St,41.897747,-87.631275
Wells St,41.912883,-87.634765
Sedgwick St,41.912849,-87.638637
Ashland Ave,41.693283,-87.661875
Nagle Ave,41.975916,-87.787866
Gunnison St,41.968461,-87.784013
Grand Ave,41.921271,-87.779472
Fullerton Ave,41.9237,-87.784023
Belmont Ave,41.938356,-87.783382
Addison St,41.945751,-87.778573
Irving Park Rd,41.952978,-87.781878
Diversey Ave,41.930915,-87.792906
Oak Park Ave,41.915365,-87.794984
North Ave,41.908868,-87.804756
North Ave,41.90909,-87.789897
Washington St,41.882936,-87.659747
Randolph St,41.88422,-87.658216
State St,41.893306,-87.628117
La Salle St,41.893609,-87.63265
Dearborn St,41.893431,-87.629699
Clark St,41.89363,-87.631177
Wells St,41.89337,-87.634114
Northwest Hwy,42.004572,-87.818987
26th St,41.844157,-87.731356
Armitage Ave,41.917095,-87.732056
La Salle St,41.885449,-87.632438
Wabash Ave,41.88535,-87.626269
Dearborn St,41.884893,-87.629469
Clark St,41.885107,-87.630954
Wells St,41.885249,-87.633916
Franklin St,41.884874,-87.635389
Jefferson St,41.8848,-87.642746
Des Plaines St,41.885696,-87.644242
95Th St,41.722917,-87.538618
Avenue O,41.690863,-87.540104
Cottage Grove Ave,41.706017,-87.606829
Cottage Grove Ave,41.716726,-87.604408
Commercial Ave,41.727211,-87.551189
Cottage Grove Ave,41.764407,-87.605533
Harlem Ave,41.778426,-87.800934
Central Ave,41.777058,-87.761684
California Ave,41.778712,-87.69338
Pulaski Rd,41.836244,-87.724337
Damen Ave,41.851171,-87.675811
Homan Ave,41.857335,-87.710287
Central Ave,41.875738,-87.764697
Laramie Ave,41.909168,-87.755815
Racine Ave,41.92351,-87.658394
Sacramento Ave,41.923889,-87.70229
Narragansett Ave,41.931002,-87.785687
Pulaski Rd,41.931151,-87.726959
Halsted St,41.931822,-87.648979
Milwaukee Ave,41.938251,-87.72247
Broadway,41.946355,-87.646666
Kedzie Ave,41.966963,-87.708429
East River Rd,41.966794,-87.846567
East River Rd,41.982087,-87.846432
Cicero Ave,41.986165,-87.748308
Lincoln  Ave,41.982351,-87.693821
Ashland Ave,42.004104,-87.670556
Leigh Ave,42.010697,-87.772707
Milwaukee Ave,41.995915,-87.786522
State St,41.836451,-87.626742
Kedzie Ave,41.872254,-87.705864
Central Park Ave,41.895238,-87.716306
Pulaski Rd,41.872493,-87.725399
Homan Ave,41.876095,-87.710846
Damen Ave,41.884983,-87.676739
Desplaines St,41.891012,-87.644365
Sacramento Ave,41.893745,-87.70215
Western Ave,41.909315,-87.687195
Milwaukee Ave,41.90238,-87.66496
Fairbanks Ct,41.896368,-87.620359
Clark St,41.902199,-87.631399
Pulaski Rd,41.806868,-87.723555
California Ave,41.836927,-87.695017
Lawrence Ave,41.96912,-87.652496
Longwood Dr,41.690212,-87.672221
Irving Park Rd,41.954295,-87.668734
Congress Pkwy,41.875633,-87.628433
Division St,41.90393,-87.629506
Grand Ave,41.891671,-87.628113
119th St,41.678058,-87.620552
Division St,41.903955,-87.627809
130th St,41.659181,-87.568276
Clark St,41.876698,-87.630742
California Ave,41.876736,-87.696174
107th St,41.699481,-87.656564
115th St,41.684661,-87.670012
122nd St,41.673764,-87.560855
119th St,41.677257,-87.680696
115th St,41.684228,-87.702778
63rd St,41.777656,-87.782528
59th St,41.785928,-87.723856
Pershing Rd,41.822852,-87.691118
26th St,41.844102,-87.735004
Cermak Rd,41.851522,-87.726497
Armitage Ave,41.917529,-87.692627
Irving Park Rd,41.954273,-87.670146
Irving Park Rd,41.954006,-87.689792
Lawrence Ave,41.968013,-87.748871
Higgins Rd,41.988761,-87.854842
Foster Ave,41.97567,-87.715464
Caldwell Ave,41.991514,-87.754317
31st St,41.838279,-87.628571
Madison St,41.880707,-87.727098
Division St,41.902909,-87.698743
Augusta Blvd,41.899355,-87.689356
Grand Ave,41.891676,-87.627665
California Ave,41.883343,-87.696348
Cicero Ave,41.881365,-87.745317
Ohio St,41.892388,-87.634088
115th St,41.6853,-87.624481
Ogden Ave,41.864394,-87.687068
Addison St,41.946727,-87.69064
Armitage Ave,41.917591,-87.686072
87th St,41.735341,-87.693452
83rd St,41.742583,-87.696869
Montrose Ave,41.961351,-87.68578
Madison St,41.881522,-87.66285
Addison Ave,41.94592,-87.763269
Addison Ave,41.945317,-87.804172
Austin Ave,41.944582,-87.776451
Austin Ave,41.929097,-87.775895
Austin Ave,41.9588,-87.776967
Austin Ave,41.911962,-87.775313
Belmont Ave,41.938587,-87.765389
Belmont Ave,41.937984,-87.811297
Belmont Ave,41.938129,-87.797524
Canal St,41.881585,-87.639674
Canfield Ave,41.988233,-87.822826
Central Ave,41.944085,-87.766693
Central Ave,41.982967,-87.768342
Central Ave,41.925775,-87.766054
Central Ave,41.958566,-87.767179
Central Ave,41.911538,-87.765585
Cicero Ave,41.972925,-87.747914
Cumberland Ave,41.941973,-87.836292
Cumberland Ave,41.976269,-87.836617
Cumberland Ave,41.986101,-87.836581
Cumberland Ave,41.955399,-87.836687
Devon Ave,41.996885,-87.8202
Devon Ave,41.997401,-87.782852
Diversey Ave,41.930851,-87.797915
Diversey Ave,41.931117,-87.777627
East River Rd,41.987853,-87.846528
East River Rd,41.973131,-87.846512
Elston Ave,41.973886,-87.749542
Forest Preserve Ave,41.939787,-87.837966
Forest Preserve Ave,41.957636,-87.799463
Foster Ave,41.975575,-87.797008
Foster Ave,41.975664,-87.78048
Foster Ave,41.975186,-87.760787
Fullerton Ave,41.923882,-87.77227
Grand Ave,41.923538,-87.802753
Harlem Ave,41.933229,-87.806554
Harlem Ave,41.94802,-87.807101
Harlem Ave,41.91366,-87.805925
Harlem Ave,41.988647,-87.806885
Harlem Ave,42.013794,-87.806611
Higgins Ave,41.9715,-87.771937
Higgins Ave,41.982088,-87.813919
Irving Park Rd,41.953095,-87.773638
Irving Park Rd,41.952742,-87.799221
Laramie Ave,41.942383,-87.756806
Laramie Ave,41.924963,-87.756176
Laramie Ave,41.912823,-87.755782
Lawrence Ave,41.967757,-87.764167
Lincoln Ave,41.988587,-87.704352
Montrose Ave,41.960111,-87.790501
Narragansett Ave,41.948239,-87.786356
Narragansett Ave,41.932832,-87.785749
Narragansett Ave,41.920893,-87.785358
Narragansett Ave,41.962045,-87.786866
Oak Park Ave,41.937284,-87.795671
Peterson Ave,41.990126,-87.750526
Touhy Ave,42.011663,-87.808726
Wacker Dr,41.8807,-87.636735
Western Ave,41.986477,-87.689538
Addison Ave,41.94665,-87.70393
Addison Ave,41.946193,-87.741344
Armitage Ave,41.917263,-87.71828
Armitage Ave,41.917357,-87.710662
Armitage Ave,41.917017,-87.73874
Belmont Ave,41.939303,-87.710743
Belmont Ave,41.93923,-87.716135
Belmont Ave,41.938878,-87.743194
Belmont Ave,41.939398,-87.696701
Belmont Ave,41.939113,-87.725535
California Ave,41.980023,-87.699055
California Ave,41.950326,-87.698137
California Ave,41.918317,-87.697223
California Ave,42.016379,-87.699636
Central Park Ave,41.913289,-87.716646
Diversey Ave,41.932037,-87.705896
Diversey Ave,41.931846,-87.722476
Diversey Ave,41.931576,-87.743265
Foster Ave,41.975838,-87.696482
Fullerton Ave,41.924561,-87.720455
Fullerton Ave,41.924266,-87.74431
Fullerton Ave,41.924726,-87.705876
Irving Park Rd,41.953576,-87.734092
Irving Park Rd,41.953936,-87.70545
Irving Park Rd,41.953695,-87.724462
Kedzie Ave,41.970273,-87.708529
Kimball Ave,41.98049,-87.713663
Kimball Ave,41.94751,-87.71274
Kimball Ave,41.92195,-87.712021
Kostner Ave,41.921651,-87.736467
Lawrence Ave,41.968506,-87.702152
Lawrence Ave,41.968165,-87.734816
Milwaukee Ave,41.931324,-87.711125
Montrose Ave,41.961009,-87.722889
North Ave,41.910184,-87.700364
North Ave,41.909944,-87.720823
North Ave,41.910066,-87.710829
Pulaski Rd,41.918169,-87.72659
Pulaski Rd,41.94889,-87.727471
Roosevelt Rd,41.866196,-87.723436
Addison Ave,41.947109,-87.661464
Addison Ave,41.947284,-87.651946
Addison Ave,41.946768,-87.6857
Armitage Ave,41.91781,-87.674797
Armitage Ave,41.918245,-87.644208
Armitage Ave,41.91812,-87.652282
Ashland Ave,41.945925,-87.668832
Ashland Ave,41.974889,-87.669587
Belmont Ave,41.939715,-87.667324
Belmont Ave,41.939866,-87.657012
Belmont Ave,41.939496,-87.684693
Broadway,41.938295,-87.644341
Broadway,41.955468,-87.651123
Broadway,41.974157,-87.659809
Bryn Mawr Ave,41.983656,-87.658134
Clark St,41.993674,-87.670135
Clybourn Ave,41.929133,-87.674504
Damen Ave,41.938823,-87.678334
Damen Ave,41.956405,-87.678823
Damen Ave,41.970422,-87.679234
Damen Ave,41.914612,-87.677552
Diversey Ave,41.932395,-87.669002
Foster Ave,41.97636,-87.657362
Fullerton Ave,41.925199,-87.664619
Halsted St,41.919237,-87.648548
Irving Park Rd,41.95443,-87.658524
Irving Park Rd,41.954136,-87.680217
Lakeview Ave,41.93136,-87.639326
Lawrence Ave,41.968951,-87.66443
Lawrence Ave,41.969057,-87.657171
Lawrence Ave,41.968642,-87.687081
Lincoln Ave,41.920951,-87.642481
Lincoln Ave,41.960186,-87.68299
Marine Dr,41.971671,-87.650428
Milwaukee Ave,41.911246,-87.678799
Montrose Ave,41.961538,-87.673156
North Ave,41.910853,-87.652267
Racine Ave,41.942424,-87.659044
Racine Ave,41.927677,-87.65853
Ridge Ave,41.987636,-87.666618
Sheridan Rd,42.00351,-87.660816
Sheridan Rd,41.972386,-87.654903
Southport Ave,41.92249,-87.663226
Western Ave,41.948031,-87.688293
Western Ave,41.921642,-87.687537
Western Ave,41.972841,-87.689047
Western Ave,41.913995,-87.687313
Ashland Ave,41.870413,-87.666487
Augusta Blvd,41.898376,-87.773856
Austin Ave,41.868169,-87.774229
Austin Ave,41.883496,-87.77476
Central Ave,41.892407,-87.765299
Central Park Ave,41.871785,-87.715588
Cicero Ave,41.869875,-87.744879
Washington St,41.882972,-87.689807
Washington St,41.883208,-87.634482
Washington St,41.883107,-87.649602
Washington St,41.881907,-87.724652
Wells St,41.90718,-87.634588
Wells St,41.891353,-87.634063
Wells St,41.881401,-87.633811
Western Ave,41.900187,-87.686957
Western Ave,41.893685,-87.68678
Western Ave,41.876083,-87.686271
18th St,41.857903,-87.659605
26th St,41.844328,-87.718582
26th St,41.844137,-87.732725
Damen Ave,41.8702,-87.676347
Division St,41.902488,-87.73753
Division St,41.90223,-87.75738
Halsted St,41.87346,-87.647091
Harrison St,41.872939,-87.755447
Kostner Ave,41.908631,-87.736272
Kostner Ave,41.870966,-87.735136
Kostner Ave,41.884822,-87.735612
Lake St,41.887117,-87.753983
Laramie Ave,41.869233,-87.754655
Laramie Ave,41.889649,-87.755407
Madison St,41.880108,-87.773266
Madison St,41.880537,-87.741833
Racine Ave,41.871676,-87.656828
Roosevelt Rd,41.865714,-87.759312
Roosevelt Rd,41.866377,-87.708143
26th St,41.845685,-87.620482
31st St,41.838197,-87.634579
31st St,41.838327,-87.624762
47th St,41.809005,-87.637985
51st St,41.801796,-87.633948
59th St,41.787212,-87.634206
63rd St,41.779917,-87.634498
63rd St,41.78018,-87.618854
Adams St,41.879037,-87.658396
Adams St,41.879284,-87.641796
Adams St,41.879377,-87.634436
Adams St,41.879125,-87.652799
Archer Ave,41.852403,-87.635761
Ashland Ave,41.89604,-87.667289
Ashland Ave,41.906421,-87.667574
Ashland Ave,41.876934,-87.666676
Augusta Blvd,41.899087,-87.718638
Augusta Blvd,41.899615,-87.67336
Augusta Blvd,41.899222,-87.703584
Canal St,41.885079,-87.639827
Central Park Ave,41.891097,-87.716199
Central Park Ave,41.879533,-87.715851
Cermak Rd,41.852872,-87.620534
Chicago Ave,41.895439,-87.718427
Chicago Ave,41.896292,-87.653604
Chicago Ave,41.895673,-87.693867
Clark St,41.889469,-87.631064
Clark St,41.873368,-87.630642
Clark St,41.881592,-87.630875
Clark St,41.892773,-87.631157
Clark St,41.869119,-87.630476
Clinton St,41.8852,-87.641298
Clinton St,41.880534,-87.64115
Columbus Dr,41.87138,-87.620556
Congress Pkwy,41.875611,-87.630673
Congress Pkwy,41.875684,-87.626134
Damen Ave,41.895021,-87.677026
Damen Ave,41.877446,-87.676545
Damen Ave,41.908546,-87.677409
Damen Ave,41.88276,-87.676677
Dearborn St,41.889784,-87.629599
Dearborn St,41.880734,-87.629368
Division St,41.902739,-87.718482
Division St,41.902958,-87.693225
Division St,41.903778,-87.639261
Division St,41.903168,-87.678437
Franklin St,41.890003,-87.713444
Garfield Blvd,41.794149,-87.633657
Grand Ave,41.891001,-87.66523
Grand Ave,41.891791,-87.62091
Grand Ave,41.905556,-87.724905
Grand Ave,41.893314,-87.694126
Grand Ave,41.890693,-87.684779
Halsted St,41.892362,-87.647604
Halsted St,41.876932,-87.647211
Halsted St,41.884845,-87.64745
Homan Ave,41.892668,-87.71135
Homan Ave,41.872269,-87.710736
Indiana Ave,41.853372,-87.622268
Indiana Ave,41.782759,-87.620541
Jackson Blvd,41.877521,-87.688801
Jackson Blvd,41.877258,-87.712307
Jackson Blvd,41.877989,-87.643682
Jackson Blvd,41.878111,-87.634405
Jackson Blvd,41.877853,-87.652996
Kedzie Ave,41.892841,-87.706475
Lake St,41.885625,-87.649854
Lake St,41.884665,-87.685501
La Salle St,41.890186,-87.632548
La Salle St,41.880972,-87.632336
Madison St,41.881427,-87.668678
Madison St,41.881657,-87.65456
Madison St,41.881836,-87.642708
Michigan Ave,41.866034,-87.624114
Michigan Ave,41.859365,-87.623968
Michigan Ave,41.838343,-87.623444
Michigan Ave,41.795074,-87.622477
Michigan Ave,41.782937,-87.622164
Michigan Ave,41.873905,-87.624218
Michigan Ave,41.881365,-87.624349
Michigan Ave,41.893982,-87.624231
Milwaukee Ave,41.903687,-87.667
Ogden Ave,41.894073,-87.656489
Ohio St,41.892439,-87.630272
Ohio St,41.892579,-87.621433
Orleans St,41.902872,-87.637416
Pulaski Rd,41.898079,-87.726166
Pulaski Rd,41.875691,-87.725497
Pulaski Rd,41.881938,-87.725706
Pulaski Rd,41.907466,-87.726445
Racine Ave,41.880487,-87.657103
Randolph St,41.884466,-87.634637
Randolph St,41.884359,-87.650176
Randolph St,41.884431,-87.643422
Sacramento Ave,41.886224,-87.70135
Sacramento Ave,41.879204,-87.701155
State St,41.859198,-87.627233
State St,41.854398,-87.627117
State St,41.838301,-87.626773
State St,41.796139,-87.62574
State St,41.784837,-87.625446
State St,41.896924,-87.628206
State St,41.873424,-87.627576
Van Buren St,41.87665,-87.648742
Wabash Ave,41.890636,-87.626681
Wabash Ave,41.88133,-87.626189
Wacker Dr,41.878077,-87.636914
Wacker Dr,41.886817,-87.630054
Wacker Dr,41.884486,-87.637068
Warren Blvd,41.882074,-87.687892
Warren Blvd,41.882362,-87.668041
31st St,41.838156,-87.689438
31st St,41.836974,-87.719101
Ashland Ave,41.863688,-87.666307
Blue Island Ave,41.847901,-87.677408
Central Park Ave,41.852621,-87.715027
Central Park Ave,41.846067,-87.714837
Cermak Rd,41.851632,-87.717386
Cermak Rd,41.851353,-87.738835
Halsted St,41.851922,-87.646473
Homan Ave,41.83815,-87.709739
Kedzie Ave,41.831089,-87.704652
Kostner Ave,41.854103,-87.734588
Ogden Ave,41.857111,-87.707844
Pulaski Rd,41.846235,-87.72462
Pulaski Rd,41.852808,-87.724789
Roosevelt Rd,41.866765,-87.67545
Roosevelt Rd,41.866958,-87.659
Western Ave,41.856527,-87.685756
47th St,41.808188,-87.699833
47th St,41.807974,-87.715402
51st St,41.800719,-87.710993
55th St,41.792767,-87.76029
59th St,41.786225,-87.704698
63rd St,41.777719,-87.778939
63rd St,41.778536,-87.73304
63rd St,41.779187,-87.688569
71st St,41.764348,-87.70478
79th St,41.749395,-87.724323
87th St,41.7348,-87.724651
Archer Ave,41.793573,-87.77629
Archer Ave,41.792242,-87.78702
Archer Ave,41.815505,-87.701939
Archer Ave,41.813362,-87.705427
California Ave,41.780847,-87.69344
California Ave,41.824905,-87.694671
Cicero Ave,41.814595,-87.743349
Cicero Ave,41.746457,-87.741218
Cicero Ave,41.752545,-87.741477
Columbus Ave,41.738019,-87.718381
Elston Ave,41.962199,-87.73154
Grand Ave,41.891218,-87.645288
Harlem Ave,41.783408,-87.80116
Kedzie Ave,41.80691,-87.703942
Kedzie Ave,41.762976,-87.702744
Lake St,41.88529,-87.722446
Lake St,41.885733,-87.63502
Marquette St,41.771809,-87.694212
Marquette Rd,41.771311,-87.727968
Narragansett Ave,41.778562,-87.781296
Ontario St,41.893383,-87.621457
Pulaski Rd,41.816892,-87.723904
Pulaski Rd,41.797723,-87.72329
Pulaski Rd,41.73879,-87.721569
Western Ave,41.827315,-87.684942
26th St,41.845422,-87.6394
31st St,41.837896,-87.657173
35th St,41.830349,-87.678909
63rd St,41.779574,-87.657079
75th St,41.758139,-87.630684
79th St,41.750277,-87.669454
83rd St,41.742964,-87.671446
83rd St,41.743578,-87.629307
Archer Ave,41.832267,-87.674585
Ashland Ave,41.813049,-87.665083
Ashland Ave,41.796974,-87.664663
Ashland Ave,41.7445,-87.663291
Damen Ave,41.760212,-87.673413
Damen Ave,41.83206,-87.675321
Halsted St,41.836075,-87.646231
Halsted St,41.741618,-87.64378
Loomis St,41.739048,-87.658288
Marquette Rd,41.772283,-87.657646
Morgan St,41.828474,-87.65091
Morgan St,41.791415,-87.649947
Pershing Rd,41.823185,-87.662505
Racine Ave,41.810881,-87.655209
Racine Ave,41.770301,-87.654254
Racine Ave,41.859764,-87.65648
Western Ave,41.78592,-87.683819
31st St,41.838445,-87.615498
Pershing Rd,41.82387,-87.614241
43rd St,41.816788,-87.608238
47th St,41.809405,-87.615129
51st St,41.802583,-87.583711
71st St,41.766026,-87.58112
79th St,41.751887,-87.554734
Burley Ave,41.739248,-87.54536
Commercial Ave,41.738684,-87.551457
Cottage Grove Ave,41.825153,-87.607512
Cottage Grove Ave,41.788454,-87.606097
Jeffery Ave,41.774091,-87.57604
Jeffery Ave,41.763008,-87.576233
Jeffery Ave,41.747333,-87.575907
Dr Martin Luther King Jr Dr,41.821807,-87.616942
Dr Martin Luther King Jr Dr,41.742807,-87.614706
Lake Park Ave,41.796495,-87.587413
Midway Plaissance,41.78652,-87.596845
Stony Island Ave,41.785625,-87.586582
87th St,41.735581,-87.679036
Caldwell Ave,42.000958,-87.774562
Cicero Ave,41.994184,-87.748337
Devon Ave,41.997323,-87.758573
Montrose Ave,41.960698,-87.749607
Pulaski Rd,41.973067,-87.728161
107th St,41.699831,-87.626661
111th St,41.692571,-87.624189
115th St,41.685103,-87.640375
119th St,41.677599,-87.656654
127th St,41.663388,-87.618884
130th St,41.659124,-87.612421
Cottage Grove Ave,41.698187,-87.608616
Halsted St,41.700823,-87.642645
Halsted St,41.665826,-87.641508
Dr Martin Luther King Jr Dr,41.693802,-87.613403
Michigan Ave,41.705358,-87.620496
Wentworth Ave,41.687214,-87.627744
103rd St,41.706956,-87.639881
112th St,41.69183,-87.531879
130th St,41.659177,-87.552112
87th St,41.73739,-87.550512
87th St,41.737064,-87.575072
95th St,41.722709,-87.55587
95th St,41.722445,-87.577141
Avenue O,41.696434,-87.54009
Jeffery Ave,41.731433,-87.575581
Jeffery Ave,41.720377,-87.575308
Dr Martin Luther King Jr Dr,41.723931,-87.614195
Macknaw Ave,41.735654,-87.543033
Michigan Ave,41.711481,-87.619985
103rd St,41.706174,-87.702769
103rd St,41.706445,-87.677175
103rd St,41.706811,-87.654128
107th St,41.699096,-87.6777
111th St,41.691254,-87.724362
111th St,41.691591,-87.698873
115th St,41.684346,-87.695367
87th  St,41.736141,-87.642399
95th ST,41.721653,-87.629162
95th St,41.721244,-87.660284
Pulaski Rd,41.707206,-87.720975
Western Ave,41.701118,-87.681455
Western Ave,41.685379,-87.680954
Stony Island Ave,41.757869,-87.585712
95th St,41.722773,-87.550305
Vincennes Ave,41.761077,-87.629988
Western Ave,41.804938,-87.684364
South Chicago Ave,41.739994,-87.569589
Michigan Ave,41.887944,-87.624537
Michigan Lower Ave,41.888071,-87.624601
Wabash Ave,41.888062,-87.626842
State St,41.887471,-87.628001
Dearborn St,41.886932,-87.629531
Clark St,41.886935,-87.631008
La Salle St,41.886928,-87.632484
Wells St,41.886932,-87.633964
Franklin St,41.886855,-87.635441
Lake St,41.885725,-87.636864
Randolph St,41.884455,-87.637906
Washington St,41.883192,-87.638103
Madison St,41.881895,-87.638745
Monroe St,41.880605,-87.638285
Adams St,41.879353,-87.636437
Jackson Blvd,41.878068,-87.637659
Van Buren St,41.876771,-87.639623
Wacker Dr,41.876342,-87.636323
Wacker Dr (lower),41.876142,-87.636377
Franklin St,41.875561,-87.635138
Wells St,41.876584,-87.633684
Financial PL,41.87559,-87.633082
La Salle St,41.876358,-87.631755
Federal St,41.875841,-87.629701
Dearborn St,41.876483,-87.629253
Plymouth CT,41.876735,-87.628733
State St,41.876904,-87.627651
Wabash Ave,41.876452,-87.626044
Michigan Ave,41.876241,-87.624273
Congress Plaza Dr,41.876222,-87.623366
Jackson Dr,41.87831,-87.622407
Monroe St,41.88085,-87.622687
Randolph St,41.884434,-87.623595
Lake St,41.885784,-87.622306
South Water Lower St,41.88673,-87.623929
South Water Upper Ave,41.886919,-87.621577
Wacker(upper) Dr,41.888169,-87.62409
Wacker Lower Dr,41.888302,-87.623405
Stony Island Ave,41.764923,-87.585887
Cornell Dr,41.778752,-87.585085
57th Dr,41.792663,-87.582231
Lake Shore Dr,41.797484,-87.580352
Coast Guard Dr,41.777523,-87.575589
Jeffery Ave,41.767951,-87.576347
Ashland Ave,41.834721,-87.665668
Ashland Ave,41.853135,-87.666031
109th St,41.696116,-87.632637
97th St,41.71796,-87.632971
101st St,41.710698,-87.632871
Granville Ave,41.994513,-87.663898
Lake Shore Dr,41.787818,-87.577818
Western Ave (frontage rd),41.941149,-87.688219
